{
  "users": [
    {
      "id": 1,
      "email": "test1@naver.com",
      "name": "testet1",
      "phone": "01012345679"
    },
    {
      "id": 2,
      "email": "test2@naver.com",
      "name": "testet2",
      "phone": "01012345678"
    },
    {
      "id": 3,
      "email": "test3@naver.com",
      "name": "testet1",
      "phone": "01012345679"
    },
    {
      "id": 4,
      "email": "test4@naver.com",
      "name": "testet2",
      "phone": "01012345678"
    },
    {
      "name": "wet2",
      "email": "iewtj23@naver.com",
      "phone": "01038259235",
      "id": 5
    }
  ]
}